[
    {
        "id": 7555,
        "tipo": "pelicula",
        "titulo": "John Rambo",
        "descripcion": "John Rambo, el ex-boina verde con una ajetreada vida marcada por la guerra, vive ahora una solitaria y apacible existencia en la jungla del norte de Tailandia, pescando y cazando cobras para luego venderlas. Todo cambia cuando un grupo de misioneros católicos necesita que les guíe hasta la frontera con Birmania para suministrar medicinas y alimentos a unos refugiados asediados por el ejército birmano, que ha hecho de las torturas y los asesinatos algo habitual. Rambo no tendrá más remedio que volver a involucrarse. Se verá obligado a hacer lo que mejor sabe porque, muy a su pesar, lleva la guerra en la sangre.",
        "imagen": "https:\/\/image.tmdb.org\/t\/p\/w500\/qp9Q0JeHQ6JShQPm6KA8euYhWLF.jpg",
        "fecha": "2008-01-24",
        "rating": 6.68499999999999960920149533194489777088165283203125,
        "temporadas": [],
        "video": "\/\/1a-1791.com\/video\/fwe1\/ea\/s8\/2\/T\/6\/h\/k\/T6hkw.caa.mp4",
        "tipo_video": "directo"
    },
    {
        "id": 93405,
        "tipo": "serie",
        "titulo": "El juego del calamar",
        "descripcion": "Cientos de personas con problemas de dinero aceptan una invitación rarísima para competir en juegos infantiles. Dentro los esperan un tentador premio y desafíos letales.",
        "imagen": "https:\/\/image.tmdb.org\/t\/p\/w500\/74qMRUy0lwkBBi39vsQVerIDkHj.jpg",
        "fecha": "2021-09-17",
        "rating": 7.8659999999999996589394868351519107818603515625,
        "temporadas": [
            {
                "numero": 1,
                "nombre": "Temporada 1",
                "capitulos": [
                    {
                        "numero": 1,
                        "titulo": "Capítulo 1",
                        "enlace": "https:\/\/1a-1791.com\/video\/fwe1\/bb\/s8\/2\/7\/D\/b\/h\/7Dbhw.caa.mp4",
                        "tipo_enlace": "directo",
                        "imagen": "https:\/\/image.tmdb.org\/t\/p\/w500\/74qMRUy0lwkBBi39vsQVerIDkHj.jpg"
                    },
                    {
                        "numero": 2,
                        "titulo": "Capítulo 2",
                        "enlace": "",
                        "tipo_enlace": "directo",
                        "imagen": "https:\/\/image.tmdb.org\/t\/p\/w500\/74qMRUy0lwkBBi39vsQVerIDkHj.jpg"
                    },
                    {
                        "numero": 3,
                        "titulo": "Capítulo 3",
                        "enlace": "",
                        "tipo_enlace": "directo",
                        "imagen": "https:\/\/image.tmdb.org\/t\/p\/w500\/74qMRUy0lwkBBi39vsQVerIDkHj.jpg"
                    },
                    {
                        "numero": 4,
                        "titulo": "Capítulo 4",
                        "enlace": "",
                        "tipo_enlace": "directo",
                        "imagen": "https:\/\/image.tmdb.org\/t\/p\/w500\/74qMRUy0lwkBBi39vsQVerIDkHj.jpg"
                    },
                    {
                        "numero": 5,
                        "titulo": "Capítulo 5",
                        "enlace": "",
                        "tipo_enlace": "directo",
                        "imagen": "https:\/\/image.tmdb.org\/t\/p\/w500\/74qMRUy0lwkBBi39vsQVerIDkHj.jpg"
                    },
                    {
                        "numero": 6,
                        "titulo": "Capítulo 6",
                        "enlace": "",
                        "tipo_enlace": "directo",
                        "imagen": "https:\/\/image.tmdb.org\/t\/p\/w500\/74qMRUy0lwkBBi39vsQVerIDkHj.jpg"
                    },
                    {
                        "numero": 7,
                        "titulo": "Capítulo 7",
                        "enlace": "",
                        "tipo_enlace": "directo",
                        "imagen": "https:\/\/image.tmdb.org\/t\/p\/w500\/74qMRUy0lwkBBi39vsQVerIDkHj.jpg"
                    },
                    {
                        "numero": 8,
                        "titulo": "Capítulo 8",
                        "enlace": "",
                        "tipo_enlace": "directo",
                        "imagen": "https:\/\/image.tmdb.org\/t\/p\/w500\/74qMRUy0lwkBBi39vsQVerIDkHj.jpg"
                    },
                    {
                        "numero": 9,
                        "titulo": "Capítulo 9",
                        "enlace": "",
                        "tipo_enlace": "directo",
                        "imagen": "https:\/\/image.tmdb.org\/t\/p\/w500\/74qMRUy0lwkBBi39vsQVerIDkHj.jpg"
                    }
                ]
            },
            {
                "numero": 2,
                "nombre": "Temporada 2",
                "capitulos": [
                    {
                        "numero": 1,
                        "titulo": "Capítulo 1",
                        "enlace": "",
                        "tipo_enlace": "directo",
                        "imagen": "https:\/\/image.tmdb.org\/t\/p\/w500\/74qMRUy0lwkBBi39vsQVerIDkHj.jpg"
                    },
                    {
                        "numero": 2,
                        "titulo": "Capítulo 2",
                        "enlace": "",
                        "tipo_enlace": "directo",
                        "imagen": "https:\/\/image.tmdb.org\/t\/p\/w500\/74qMRUy0lwkBBi39vsQVerIDkHj.jpg"
                    },
                    {
                        "numero": 3,
                        "titulo": "Capítulo 3",
                        "enlace": "",
                        "tipo_enlace": "directo",
                        "imagen": "https:\/\/image.tmdb.org\/t\/p\/w500\/74qMRUy0lwkBBi39vsQVerIDkHj.jpg"
                    },
                    {
                        "numero": 4,
                        "titulo": "Capítulo 4",
                        "enlace": "",
                        "tipo_enlace": "directo",
                        "imagen": "https:\/\/image.tmdb.org\/t\/p\/w500\/74qMRUy0lwkBBi39vsQVerIDkHj.jpg"
                    },
                    {
                        "numero": 5,
                        "titulo": "Capítulo 5",
                        "enlace": "",
                        "tipo_enlace": "directo",
                        "imagen": "https:\/\/image.tmdb.org\/t\/p\/w500\/74qMRUy0lwkBBi39vsQVerIDkHj.jpg"
                    },
                    {
                        "numero": 6,
                        "titulo": "Capítulo 6",
                        "enlace": "",
                        "tipo_enlace": "directo",
                        "imagen": "https:\/\/image.tmdb.org\/t\/p\/w500\/74qMRUy0lwkBBi39vsQVerIDkHj.jpg"
                    },
                    {
                        "numero": 7,
                        "titulo": "Capítulo 7",
                        "enlace": "",
                        "tipo_enlace": "directo",
                        "imagen": "https:\/\/image.tmdb.org\/t\/p\/w500\/74qMRUy0lwkBBi39vsQVerIDkHj.jpg"
                    }
                ]
            },
            {
                "numero": 3,
                "nombre": "Temporada 3",
                "capitulos": [
                    {
                        "numero": 1,
                        "titulo": "Capítulo 1",
                        "enlace": "",
                        "tipo_enlace": "directo",
                        "imagen": "https:\/\/image.tmdb.org\/t\/p\/w500\/74qMRUy0lwkBBi39vsQVerIDkHj.jpg"
                    },
                    {
                        "numero": 2,
                        "titulo": "Capítulo 2",
                        "enlace": "",
                        "tipo_enlace": "directo",
                        "imagen": "https:\/\/image.tmdb.org\/t\/p\/w500\/74qMRUy0lwkBBi39vsQVerIDkHj.jpg"
                    },
                    {
                        "numero": 3,
                        "titulo": "Capítulo 3",
                        "enlace": "",
                        "tipo_enlace": "directo",
                        "imagen": "https:\/\/image.tmdb.org\/t\/p\/w500\/74qMRUy0lwkBBi39vsQVerIDkHj.jpg"
                    },
                    {
                        "numero": 4,
                        "titulo": "Capítulo 4",
                        "enlace": "",
                        "tipo_enlace": "directo",
                        "imagen": "https:\/\/image.tmdb.org\/t\/p\/w500\/74qMRUy0lwkBBi39vsQVerIDkHj.jpg"
                    },
                    {
                        "numero": 5,
                        "titulo": "Capítulo 5",
                        "enlace": "",
                        "tipo_enlace": "directo",
                        "imagen": "https:\/\/image.tmdb.org\/t\/p\/w500\/74qMRUy0lwkBBi39vsQVerIDkHj.jpg"
                    },
                    {
                        "numero": 6,
                        "titulo": "Capítulo 6",
                        "enlace": "",
                        "tipo_enlace": "directo",
                        "imagen": "https:\/\/image.tmdb.org\/t\/p\/w500\/74qMRUy0lwkBBi39vsQVerIDkHj.jpg"
                    }
                ]
            }
        ],
        "temporadasTotales": 3
    },
    {
        "id": 979275,
        "tipo": "pelicula",
        "titulo": "Tierra de nadie",
        "descripcion": "Un  sheriff intenta mantener la paz cuando un hombre de familia desesperado roba violentamente una fábrica de pastillas junto con su cuñado, alertando a un agente de la mafia de Nueva Orleans.",
        "imagen": "https:\/\/image.tmdb.org\/t\/p\/w500\/qLLY5g4RtcvockDwFSIVXGTUeCF.jpg",
        "fecha": "2023-08-04",
        "rating": 5.541000000000000369482222595252096652984619140625,
        "temporadas": [],
        "video": "https:\/\/rumble.com\/hls-vod\/6thn85\/playlist.m3u8",
        "tipo_video": "directo"
    }
]